o_zone_id	d_zone_id	volume
1	1	0
1	2	63.802849
1	3	471.81948
1	4	0
1	5	0
1	6	0
1	7	918.488499
1	8	0
1	9	0
1	10	0
1	11	0
1	12	0
1	13	0
